ConfigFile,Nr. Nodes,Node Nr.,Name,Zone,Surf,Node,Type,OpqTrn,Nr. Items,VocRef,IscRef,VmpRef,ImpRef,Qref,Tref,Alpha,Gamma,Beta,SCell,NPBrch,NPnnls,LodT,Valf,Shad,MiscLossFac,aRef0,aRef40,aRef55,aRef70,aRef80
PVT_Douala.cfg,18,1,Z00_W1,2,5,4,5,1,16,69.58,8.55,54.89,8.03,1000,298.15,0.0049,-0.004,-0.121,110,1,1,0,0,3,0.086,0.848,0.832,0.778,0.605,0.339
PVT_Douala.cfg,18,2,Z00_W2,3,5,4,5,1,16,69.58,8.55,54.89,8.03,1000,298.15,0.0049,-0.004,-0.121,110,1,1,0,0,3,0.086,0.848,0.832,0.778,0.605,0.339
PVT_Douala.cfg,18,3,Z00_W3,4,5,4,5,1,16,69.58,8.55,54.89,8.03,1000,298.15,0.0049,-0.004,-0.121,110,1,1,0,0,3,0.086,0.848,0.832,0.778,0.605,0.339
PVT_Douala.cfg,18,4,Z00_E1,5,5,4,5,1,16,69.58,8.55,54.89,8.03,1000,298.15,0.0049,-0.004,-0.121,110,1,1,0,0,3,0.086,0.848,0.832,0.778,0.605,0.339
PVT_Douala.cfg,18,5,Z00_E2,6,5,4,5,1,16,69.58,8.55,54.89,8.03,1000,298.15,0.0049,-0.004,-0.121,110,1,1,0,0,3,0.086,0.848,0.832,0.778,0.605,0.339
PVT_Douala.cfg,18,6,Z00_E3,7,5,4,5,1,16,69.58,8.55,54.89,8.03,1000,298.15,0.0049,-0.004,-0.121,110,1,1,0,0,3,0.086,0.848,0.832,0.778,0.605,0.339
PVT_Douala.cfg,18,7,Z20_W1,9,5,4,5,1,16,69.58,8.55,54.89,8.03,1000,298.15,0.0049,-0.004,-0.121,110,1,1,0,0,3,0.086,0.848,0.832,0.778,0.605,0.339
PVT_Douala.cfg,18,8,Z20_W2,10,5,4,5,1,16,69.58,8.55,54.89,8.03,1000,298.15,0.0049,-0.004,-0.121,110,1,1,0,0,3,0.086,0.848,0.832,0.778,0.605,0.339
PVT_Douala.cfg,18,9,Z20_W3,11,5,4,5,1,16,69.58,8.55,54.89,8.03,1000,298.15,0.0049,-0.004,-0.121,110,1,1,0,0,3,0.086,0.848,0.832,0.778,0.605,0.339
PVT_Douala.cfg,18,10,Z20_E1,12,5,4,5,1,16,69.58,8.55,54.89,8.03,1000,298.15,0.0049,-0.004,-0.121,110,1,1,0,0,3,0.086,0.848,0.832,0.778,0.605,0.339
PVT_Douala.cfg,18,11,Z20_E2,13,5,4,5,1,16,69.58,8.55,54.89,8.03,1000,298.15,0.0049,-0.004,-0.121,110,1,1,0,0,3,0.086,0.848,0.832,0.778,0.605,0.339
PVT_Douala.cfg,18,12,Z20_E3,14,5,4,5,1,16,69.58,8.55,54.89,8.03,1000,298.15,0.0049,-0.004,-0.121,110,1,1,0,0,3,0.086,0.848,0.832,0.778,0.605,0.339
PVT_Douala.cfg,18,13,Z40_W1,16,5,4,5,1,16,69.58,8.55,54.89,8.03,1000,298.15,0.0049,-0.004,-0.121,110,1,1,0,0,3,0.086,0.848,0.832,0.778,0.605,0.339
PVT_Douala.cfg,18,14,Z40_W2,17,5,4,5,1,16,69.58,8.55,54.89,8.03,1000,298.15,0.0049,-0.004,-0.121,110,1,1,0,0,3,0.086,0.848,0.832,0.778,0.605,0.339
PVT_Douala.cfg,18,15,Z40_W3,18,5,4,5,1,16,69.58,8.55,54.89,8.03,1000,298.15,0.0049,-0.004,-0.121,110,1,1,0,0,3,0.086,0.848,0.832,0.778,0.605,0.339
PVT_Douala.cfg,18,16,Z40_E1,19,5,4,5,1,16,69.58,8.55,54.89,8.03,1000,298.15,0.0049,-0.004,-0.121,110,1,1,0,0,3,0.086,0.848,0.832,0.778,0.605,0.339
PVT_Douala.cfg,18,17,Z40_E2,20,5,4,5,1,16,69.58,8.55,54.89,8.03,1000,298.15,0.0049,-0.004,-0.121,110,1,1,0,0,3,0.086,0.848,0.832,0.778,0.605,0.339
PVT_Douala.cfg,18,18,Z40_E3,21,5,4,5,1,16,69.58,8.55,54.89,8.03,1000,298.15,0.0049,-0.004,-0.121,110,1,1,0,0,3,0.086,0.848,0.832,0.778,0.605,0.339